{
    "iterations": 1988,
    "learning_rate": 0.03503217998194976,
    "depth": 4,
    "l2_leaf_reg": 8.798472779441298,
    "min_data_in_leaf": 12
}